accession,source,domain,phylum,class_,order,family,genus,species
GB_GCA_002050035.1,bac120,Bacteria,4484-113,4484-113,4484-113,4484-113,4484-113,4484-113 sp002050035
GB_GCA_016932385.1,bac120,Bacteria,4484-113,4484-113,4484-113,JAFGCY01,JAFGCY01,JAFGCY01 sp016932385
GB_GCA_002084765.1,bac120,Bacteria,4572-55,4572-55,4572-55,4572-55,4572-55,4572-55 sp002084765
GB_GCA_003697105.1,bac120,Bacteria,4572-55,4572-55,J002,J002,J002,J002 sp003697105
GB_GCA_018812585.1,bac120,Bacteria,AABM5-125-24,B3-LCP,B3-LCP,B3-LCP,JAHJDJ01,JAHJDJ01 sp018812585
GB_GCA_013360195.1,bac120,Bacteria,AABM5-125-24,RPQS01,RPQS01,RPQS01,JABWCQ01,JABWCQ01 sp013360195
GB_GCA_002686915.1,bac120,Bacteria,ARS69,ARS69,ARS69,ARS69,ARS69,ARS69 sp002686915
GB_GCA_003598055.1,bac120,Bacteria,Abyssubacteria,SURF-5,SURF-5,SURF-5,SURF-17,SURF-17 sp003598055
GB_GCA_003598085.1,bac120,Bacteria,Abyssubacteria,SURF-5,SURF-5,SURF-5,SURF-5,SURF-5 sp003598085
GB_GCA_018335295.1,bac120,Bacteria,Acidobacteriota,Aminicenantia,Aminicenantales,Aminicenantaceae,JAGXKI01,JAGXKI01 sp018335295
GB_GCA_013140955.1,bac120,Bacteria,Acidobacteriota,Vicinamibacteria,Vicinamibacterales,UBA2999,JABFRY01,JABFRY01 sp013140955
GB_GCA_003135055.1,bac120,Bacteria,Acidobacteriota,Acidobacteriae,Bryobacterales,Bryobacteraceae,PALSA-243,PALSA-243 sp003135055
GB_GCA_002479805.1,bac120,Bacteria,Actinobacteriota,Actinomycetia,Actinomycetales,Microbacteriaceae,Aquiluna,Aquiluna sp002479805
GB_GCA_017306015.1,bac120,Bacteria,Actinobacteriota,Actinomycetia,Propionibacteriales,Propionibacteriaceae,Propionicimonas,Propionicimonas sp017306015
GB_GCA_014649295.1,bac120,Bacteria,Actinobacteriota,Actinomycetia,Streptomycetales,Streptomycetaceae,Streptomyces,Streptomyces libani_A
RS_GCF_001612615.1,bac120,Bacteria,Actinobacteriota,Actinomycetia,Mycobacteriales,Mycobacteriaceae,Nocardia,Nocardia amikacinitolerans
GB_GCA_013811975.1,bac120,Bacteria,Actinobacteriota,Actinomycetia,Mycobacteriales,Geodermatophilaceae,JACCQS01,JACCQS01 sp013811975
GB_GCA_003162055.1,bac120,Bacteria,Actinobacteriota,Thermoleophilia,Gaiellales,Gaiellaceae,Fen-549,Fen-549 sp003162055
RS_GCF_001542625.1,bac120,Bacteria,Actinobacteriota,Actinomycetia,Streptomycetales,Streptomycetaceae,Streptomyces,Streptomyces griseochromogenes
RS_GCF_002929705.1,bac120,Bacteria,Actinobacteriota,Actinomycetia,Actinomycetales,Micrococcaceae,Specibacter,Specibacter sp002929705
GB_GCA_002715405.1,bac120,Bacteria,Actinobacteriota,Acidimicrobiia,Acidimicrobiales,UBA8592,UBA8592,UBA8592 sp002715405
GB_GCA_902615855.1,bac120,Bacteria,Actinobacteriota,Acidimicrobiia,Actinomarinales,Actinomarinaceae,Actinomarina,Actinomarina sp902615855
RS_GCF_014645315.1,bac120,Bacteria,Actinobacteriota,Actinomycetia,Actinomycetales,Micrococcaceae,Citricoccus,Citricoccus zhacaiensis
GB_GCA_902599555.1,bac120,Bacteria,Actinobacteriota,Acidimicrobiia,Actinomarinales,Actinomarinaceae,Actinomarina,Actinomarina sp902599555
GB_GCA_017853815.1,bac120,Bacteria,Actinobacteriota,Actinomycetia,Nanopelagicales,UBA5976,JAFMIT01,JAFMIT01 sp017853815
RS_GCF_001421565.1,bac120,Bacteria,Actinobacteriota,Actinomycetia,Actinomycetales,Microbacteriaceae,Agromyces,Agromyces sp001421565
RS_GCF_002224125.1,bac120,Bacteria,Actinobacteriota,Actinomycetia,Streptomycetales,Streptomycetaceae,Streptomyces,Streptomyces sp002224125
RS_GCF_900098745.1,bac120,Bacteria,Actinobacteriota,Actinomycetia,Actinomycetales,Actinomycetaceae,Actinomyces,Actinomyces glycerinitolerans
RS_GCF_016786325.1,bac120,Bacteria,Actinobacteriota,Actinomycetia,Mycobacteriales,Frankiaceae,Frankia,Frankia sp016786325
RS_GCF_900129375.1,bac120,Bacteria,Actinobacteriota,Actinomycetia,Mycobacteriales,Pseudonocardiaceae,Streptoalloteichus,Streptoalloteichus hindustanus
GB_GCA_011331305.1,bac120,Bacteria,Actinobacteriota,Coriobacteriia,OPB41,PHET01,DSSC01,DSSC01 sp011331305
GB_GCA_014360585.1,bac120,Bacteria,Actinobacteriota,Actinomycetia,Propionibacteriales,Nocardioidaceae,Nocardioides,Nocardioides sp014360585
RS_GCF_001005295.1,bac120,Bacteria,Actinobacteriota,Actinomycetia,Streptomycetales,Streptomycetaceae,Streptomyces,Streptomyces yangpuensis
RS_GCF_003194625.1,bac120,Bacteria,Actinobacteriota,Actinomycetia,Propionibacteriales,Nocardioidaceae,Nocardioides,Nocardioides solisilvae
GB_GCA_009699205.1,bac120,Bacteria,Actinobacteriota,Actinomycetia,Nanopelagicales,Nanopelagicaceae,QYPT01,QYPT01 sp009699205
RS_GCF_014656295.1,bac120,Bacteria,Actinobacteriota,Actinomycetia,Streptomycetales,Streptomycetaceae,Streptomyces,Streptomyces sulfonofaciens
RS_GCF_006716785.1,bac120,Bacteria,Actinobacteriota,Actinomycetia,Streptosporangiales,Streptosporangiaceae,Thermopolyspora,Thermopolyspora flexuosa
RS_GCF_000224415.1,bac120,Bacteria,Actinobacteriota,Actinomycetia,Actinomycetales,Micrococcaceae,Citricoccus,Citricoccus sp000224415
GB_GCA_005788585.1,bac120,Bacteria,Actinobacteriota,Thermoleophilia,Solirubrobacterales,Solirubrobacteraceae,SYBY01,SYBY01 sp005788585
GB_GCA_009703925.1,bac120,Bacteria,Actinobacteriota,Acidimicrobiia,Acidimicrobiales,UBA8139,F1-20-MAGs160,F1-20-MAGs160 sp009703925
GB_GCA_018970025.1,bac120,Bacteria,Actinobacteriota,Actinomycetia,Nanopelagicales,S36-B12,REEB460,REEB460 sp018970025
GB_GCA_016213555.1,ar53,Archaea,Aenigmatarchaeota,Aenigmatarchaeia,GW2011-AR5,JACRAC01,JACRAC01,JACRAC01 sp016213555
GB_GCA_016932215.1,ar53,Archaea,Aenigmatarchaeota,Aenigmatarchaeia,QMZP01,QMZT01,JAFGDH01,JAFGDH01 sp016932215
GB_GCA_011372105.1,bac120,Bacteria,Aerophobota,Aerophobia,Aerophobales,B3-G15,DRTT01,DRTT01 sp011372105
GB_GCA_000402295.1,bac120,Bacteria,Aerophobota,Aerophobia,Aerophobales,Aerophobaceae,Aerophobus,Aerophobus profundus
GB_GCA_016867655.1,ar53,Archaea,Altiarchaeota,Altiarchaeia,IMC4,SCGC-AAA252-I15,VGJA01,VGJA01 sp016867655
GB_GCA_015523055.1,ar53,Archaea,Altiarchaeota,Altiarchaeia,IMC4,QMZM01,WALD01,WALD01 sp015523055
RS_GCF_000185805.1,bac120,Bacteria,Aquificota,Desulfurobacteriia,Desulfurobacteriales,Desulfurobacteriaceae,Thermovibrio,Thermovibrio ammonificans
GB_GCA_015487615.1,bac120,Bacteria,Aquificota,Aquificae,Aquificales,Aquificaceae,WFWF01,WFWF01 sp015487615
GB_GCA_903915615.1,bac120,Bacteria,Armatimonadota,Armatimonadia,Armatimonadales,Armatimonadaceae,CAIRTT01,CAIRTT01 sp903915615
GB_GCA_019239955.1,bac120,Bacteria,Armatimonadota,Armatimonadia,Armatimonadales,Capsulimonadaceae,JAFAZD01,JAFAZD01 sp019239955
GB_GCA_016840385.1,ar53,Archaea,Asgardarchaeota,Thorarchaeia,Thorarchaeales,Thorarchaeaceae,MP8T-1,MP8T-1 sp016840385
GB_GCA_008080745.1,ar53,Archaea,Asgardarchaeota,Thorarchaeia,Thorarchaeales,Thorarchaeaceae,SHMX01,SHMX01 sp008080745
GB_GCA_018054125.1,bac120,Bacteria,Atribacterota,JS1,SB-45,UBA6794,UBA6794,UBA6794 sp018054125
GB_GCA_018894595.1,bac120,Bacteria,Atribacterota,JS1,SB-45,34-128,34-128,34-128 sp018894595
GB_GCA_018435605.1,bac120,Bacteria,Aureabacteria,SURF-26,SURF-26,SURF-26,R3-B46,R3-B46 sp018435605
GB_GCA_003599815.1,bac120,Bacteria,Aureabacteria,SURF-26,SURF-26,SURF-26,SURF-26,SURF-26 sp003599815
GB_GCA_003647755.1,bac120,Bacteria,B130-G9,B130-G9,B130-G9,B130-G9,B130-G9,B130-G9 sp003647755
GB_GCA_016929465.1,bac120,Bacteria,B130-G9,B130-G9,B130-G9,B130-G9,JAFGIT01,JAFGIT01 sp016929465
GB_GCA_018304505.1,ar53,Archaea,B1Sed10-29,B1Sed10-29,B1Sed10-29,JAGVWA01,JAGVWA01,JAGVWA01 sp018304505
GB_GCA_015522495.1,ar53,Archaea,B1Sed10-29,B1Sed10-29,WALL01,WAMD01,WAMD01,WAMD01 sp015522495
GB_GCA_013151915.1,bac120,Bacteria,BMS3Abin14,BMS3Abin14,BMS3Abin14,BMS3Abin14,BMS3ABIN14,BMS3ABIN14 sp013151915
GB_GCA_002897695.1,bac120,Bacteria,BMS3Abin14,BMS3Abin14,BMS3Abin14,BMS3Abin14,BMS3ABIN14,BMS3ABIN14 sp002897695
GB_GCA_016783505.1,bac120,Bacteria,BS750m-G25,BS750m-G25,BS750m-G25,BS750m-G25,BS750m-G25,BS750m-G25 sp016783505
GB_GCA_016783345.1,bac120,Bacteria,BS750m-G34,BS750m-G34,BS750m-G34,BS750m-G34,BS750m-G34,BS750m-G34 sp016783345
GB_GCA_016931385.1,bac120,Bacteria,Bacteroidota,Bacteroidia,Bacteroidales,Prolixibacteraceae,SKHV01,SKHV01 sp016931385
GB_GCA_009777175.1,bac120,Bacteria,Bacteroidota,Bacteroidia,Bacteroidales,Marinilabiliaceae,WRMI01,WRMI01 sp009777175
GB_GCA_905479535.1,bac120,Bacteria,Bacteroidota,Bacteroidia,Flavobacteriales,Flavobacteriaceae,Maribacter,Maribacter sp905479535
RS_GCF_013404085.1,bac120,Bacteria,Bacteroidota,Bacteroidia,Flavobacteriales,Flavobacteriaceae,Winogradskyella,Winogradskyella helgolandensis
RS_GCF_003992615.1,bac120,Bacteria,Bacteroidota,Bacteroidia,Flavobacteriales,Flavobacteriaceae,Muricauda,Muricauda beolgyonensis
GB_GCA_017642425.1,bac120,Bacteria,Bacteroidota,Bacteroidia,Bacteroidales,Bacteroidaceae,UBA1179,UBA1179 sp017642425
RS_GCF_014334015.1,bac120,Bacteria,Bacteroidota,Bacteroidia,Bacteroidales,Bacteroidaceae,Bacteroides,Bacteroides intestinigallinarum
RS_GCF_003258705.1,bac120,Bacteria,Bacteroidota,Bacteroidia,Cytophagales,Spirosomaceae,Arcticibacterium,Arcticibacterium luteifluviistationis
GB_GCA_017437825.1,bac120,Bacteria,Bacteroidota,Bacteroidia,Bacteroidales,UBA932,Cryptobacteroides,Cryptobacteroides sp017437825
GB_GCA_017795025.1,bac120,Bacteria,Bacteroidota,Bacteroidia,Flavobacteriales,Schleiferiaceae,Croceimicrobium,Croceimicrobium sp017795025
GB_GCA_013285685.1,bac120,Bacteria,Bacteroidota,Bacteroidia,Sphingobacteriales,Sphingobacteriaceae,Mucilaginibacter,Mucilaginibacter sp013285685
GB_GCA_905181635.1,bac120,Bacteria,Bacteroidota,Bacteroidia,Flavobacteriales,BACL11,UWMA-0277,UWMA-0277 sp905181635
RS_GCF_000318095.2,bac120,Bacteria,Bacteroidota,Bacteroidia,Bacteroidales,Bacteroidaceae,Alloprevotella,Alloprevotella sp000318095
RS_GCF_003958645.1,bac120,Bacteria,Bacteroidota,Bacteroidia,Chitinophagales,Chitinophagaceae,Chitinophaga,Chitinophaga rhizosphaerae
GB_GCA_910587075.1,bac120,Bacteria,Bacteroidota,Bacteroidia,Bacteroidales,Muribaculaceae,UBA7173,UBA7173 sp910587075
GB_GCA_016278715.1,bac120,Bacteria,Bacteroidota,Bacteroidia,Bacteroidales,Marinilabiliaceae,Marinilabilia,Marinilabilia sp016278715
GB_GCA_016288775.1,bac120,Bacteria,Bacteroidota,Bacteroidia,Bacteroidales,UBA932,Cryptobacteroides,Cryptobacteroides sp016288775
RS_GCF_003992595.1,bac120,Bacteria,Bacteroidota,Bacteroidia,Flavobacteriales,Flavobacteriaceae,Muricauda,Muricauda sp002452975
GB_GCA_006227105.1,bac120,Bacteria,Bacteroidota,Bacteroidia,Flavobacteriales,Crocinitomicaceae,M0103,M0103 sp006227105
GB_GCA_003457135.1,bac120,Bacteria,Bacteroidota,Bacteroidia,Bacteroidales,Prolixibacteraceae,UBA6024,UBA6024 sp003457135
GB_GCA_900555035.1,bac120,Bacteria,Bacteroidota,Bacteroidia,Bacteroidales,Bacteroidaceae,Prevotella,Prevotella sp900555035
RS_GCF_000523515.1,bac120,Bacteria,Bacteroidota,Bacteroidia,Sphingobacteriales,Sphingobacteriaceae,Pedobacter,Pedobacter sp000523515
GB_GCA_013002995.1,bac120,Bacteria,Bacteroidota,Bacteroidia,Chitinophagales,Saprospiraceae,JABDLO01,JABDLO01 sp013002995
GB_GCA_009827225.1,bac120,Bacteria,Bacteroidota,Bacteroidia,Flavobacteriales,Flavobacteriaceae,SMXJ01,SMXJ01 sp009827225
RS_GCF_005217565.1,bac120,Bacteria,Bacteroidota,Bacteroidia,Bacteroidales,Prolixibacteraceae,Puteibacter,Puteibacter caeruleilacunae
GB_GCA_900317285.1,bac120,Bacteria,Bacteroidota,Bacteroidia,Bacteroidales,P3,UBA1711,UBA1711 sp900317285
RS_GCF_000382385.1,bac120,Bacteria,Bacteroidota,Bacteroidia,Bacteroidales,Bacteroidaceae,Prevotella,Prevotella maculosa
GB_GCA_002314945.1,bac120,Bacteria,Bacteroidota,Bacteroidia,Bacteroidales,Bacteroidaceae,UBA4372,UBA4372 sp002314945
RS_GCF_900142785.1,bac120,Bacteria,Bacteroidota,Bacteroidia,Flavobacteriales,Weeksellaceae,Chryseobacterium,Chryseobacterium carnipullorum
RS_GCF_900290275.1,bac120,Bacteria,Bacteroidota,Bacteroidia,Bacteroidales,Bacteroidaceae,Prevotella,Prevotella sp900290275
GB_GCA_014376325.1,bac120,Bacteria,Bdellovibrionota,Bdellovibrionia,Bdellovibrionales,Bdellovibrionaceae,JACMRP01,JACMRP01 sp014376325
GB_GCA_002482685.1,bac120,Bacteria,Bdellovibrionota,Bacteriovoracia,Bacteriovoracales,Bacteriovoracaceae,UBA4096,UBA4096 sp002482685
GB_GCA_903904735.1,bac120,Bacteria,Bdellovibrionota_C,UBA2361,UBA2361,OMII01,OMII01,OMII01 sp903904735
GB_GCA_012514925.1,bac120,Bacteria,Bdellovibrionota_C,UBA2361,UBA2361,JAAYZI01,JAAYZI01,JAAYZI01 sp012514925
GB_GCA_001797335.1,bac120,Bacteria,Bdellovibrionota_E,O2-12-FULL-43-9,2-02-FULL-40-11,2-02-FULL-40-11,2-02-FULL-38-15-A,2-02-FULL-38-15-A sp001797335
GB_GCA_001798265.1,bac120,Bacteria,Bdellovibrionota_E,O2-12-FULL-43-9,O2-12-FULL-43-9,O2-12-FULL-43-9,O2-12-FULL-43-9,O2-12-FULL-43-9 sp001798265
GB_GCA_018334615.1,bac120,Bacteria,Bipolaricaulota,Bipolaricaulia,M55B111,M55B111,JAGXLP01,JAGXLP01 sp018334615
GB_GCA_903859225.1,bac120,Bacteria,Bipolaricaulota,Bipolaricaulia,UBA7950,UBA9294,CAIOGO01,CAIOGO01 sp903859225
GB_GCA_013152825.1,bac120,Bacteria,CAIJMQ01,CAIJMQ01,JAADFP01,JAADFP01,JAADFP01,JAADFP01 sp013152825
GB_GCA_903821905.1,bac120,Bacteria,CAIJMQ01,CAIJMQ01,CAIJMQ01,CAIJMQ01,CAIJMQ01,CAIJMQ01 sp903821905
GB_GCA_013791675.1,bac120,Bacteria,CG03,CG03,CG03,CG03,CG03,CG03 sp013791675
GB_GCA_007136585.1,bac120,Bacteria,CG03,SLGR01,SLGR01,SLGR01,SLGR01,SLGR01 sp007136585
GB_GCA_013151235.1,bac120,Bacteria,CG2-30-53-67,CG2-30-53-67,CG2-30-53-67,CG2-30-53-67,JAADIO01,JAADIO01 sp013151235
GB_GCA_001873285.1,bac120,Bacteria,CG2-30-53-67,CG2-30-53-67,CG2-30-53-67,CG2-30-53-67,CG2-30-53-67,CG2-30-53-67 sp001873285
GB_GCA_001873295.1,bac120,Bacteria,CG2-30-70-394,CG2-30-70-394,CG2-30-70-394,CG2-30-70-394,CG2-30-70-394,CG2-30-70-394 sp001873295
GB_GCA_013360215.1,bac120,Bacteria,CLD3,CLD3,SB21,SB21,JABWCP01,JABWCP01 sp013360215
GB_GCA_013359335.1,bac120,Bacteria,CLD3,CLD3,SB21,SB21,JABWBZ01,JABWBZ01 sp013359335
GB_GCA_011053555.1,bac120,Bacteria,CSP1-3,CSP1-3,CSP1-3,HRBIN32,HRBIN32,HRBIN32 sp011053555
GB_GCA_005882335.1,bac120,Bacteria,CSP1-3,CSP1-3,CSP1-3,13-1-40CM-64-14,NP-4,NP-4 sp005882335
GB_GCA_016931515.1,bac120,Bacteria,CSSED10-310,CSSED10-310,CSSED10-310,CSSED10-310,JAFGEQ01,JAFGEQ01 sp016931515
GB_GCA_003558985.1,bac120,Bacteria,CSSED10-310,CSSED10-310,CSSED10-310,CSSED10-310,CSSED10-310,CSSED10-310 sp003558985
RS_GCF_000284335.1,bac120,Bacteria,Caldisericota,Caldisericia,Caldisericales,Caldisericaceae,Caldisericum,Caldisericum exile
GB_GCA_003650285.1,bac120,Bacteria,Caldisericota,Caldisericia,Caldisericales,Caldisericaceae,UBA646,UBA646 sp003650285
GB_GCA_013112635.1,bac120,Bacteria,Calditrichota,Calditrichia,Calditrichales,J004,JABFGF01,JABFGF01 sp013112635
GB_GCA_002049825.1,bac120,Bacteria,Calditrichota,Calditrichia,RBG-13-44-9,RBG-13-44-9,4484-188,4484-188 sp002049825
GB_GCA_000494225.1,bac120,Bacteria,Calescibacterota,Calescibacteriia,Calescibacteriales,Calescibacteriaceae,Calescibacterium,Calescibacterium nevadense
GB_GCA_011364105.1,bac120,Bacteria,Calescibacterota,Calescibacteriia,Calescibacteriales,Calescibacteriaceae,Calescibacterium,Calescibacterium sp011364105
RS_GCF_900198405.1,bac120,Bacteria,Campylobacterota,Campylobacteria,Campylobacterales,Helicobacteraceae,Helicobacter,Helicobacter cetorum_C
GB_GCA_900539505.1,bac120,Bacteria,Campylobacterota,Campylobacteria,Campylobacterales,Campylobacteraceae,Campylobacter_B,Campylobacter_B sp900539505
GB_GCA_002709385.1,bac120,Bacteria,Chlamydiota,Chlamydiia,Chlamydiales,GCA-2709385,GCA-2709385,GCA-2709385 sp002709385
RS_GCF_001545115.1,bac120,Bacteria,Chlamydiota,Chlamydiia,Chlamydiales,Parachlamydiaceae,Protochlamydia,Protochlamydia sp001545115
GB_GCA_003551705.1,bac120,Bacteria,Chloroflexota,Dehalococcoidia,RBG-13-53-26,RBG-13-53-26,PUNJ01,PUNJ01 sp003551705
GB_GCA_902806325.1,bac120,Bacteria,Chloroflexota,Chloroflexia,Thermomicrobiales,UBA6265,CADCWE01,CADCWE01 sp902806325
GB_GCA_018399795.1,bac120,Bacteria,Chloroflexota,Dehalococcoidia,Dehalococcoidales,UBA5760,UBA5760,UBA5760 sp018399795
GB_GCA_018969115.1,bac120,Bacteria,Chloroflexota,Anaerolineae,Thermoflexales,J036,AQU-03,AQU-03 sp018969115
GB_GCA_005880055.1,bac120,Bacteria,Chloroflexota,Dehalococcoidia,SM23-28-2,RBG-16-64-32,CF-162,CF-162 sp005880055
RS_GCF_000177635.2,bac120,Bacteria,Chrysiogenota,Chrysiogenetes,Chrysiogenales,Chrysiogenaceae,Desulfurispirillum,Desulfurispirillum indicum
RS_GCF_000469585.1,bac120,Bacteria,Chrysiogenota,Chrysiogenetes,Chrysiogenales,Chrysiogenaceae,Chrysiogenes,Chrysiogenes arsenatis
GB_GCA_003647825.1,bac120,Bacteria,Cloacimonadota,Cloacimonadia,Cloacimonadales,TCS61,B137-G9,B137-G9 sp003647825
GB_GCA_003564155.1,bac120,Bacteria,Cloacimonadota,Cloacimonadia,Cloacimonadales,PWNZ01,PWOA01,PWOA01 sp003564155
GB_GCA_013178255.1,bac120,Bacteria,Coprothermobacterota,Coprothermobacteria,Coprothermobacterales,Coprothermobacteraceae,JABLWY01,JABLWY01 sp013178255
RS_GCF_000378005.1,bac120,Bacteria,Coprothermobacterota,Coprothermobacteria,Coprothermobacterales,Coprothermobacteraceae,Coprothermobacter,Coprothermobacter platensis
GB_GCA_003280295.1,bac120,Bacteria,Cyanobacteria,Cyanobacteriia,PCC-6307,Cyanobiaceae,AG-363-K07,AG-363-K07 sp003280295
RS_GCF_014696925.1,bac120,Bacteria,Cyanobacteria,Cyanobacteriia,Pseudanabaenales,Pseudanabaenaceae,Pseudanabaena,Pseudanabaena sp014696925
RS_GCF_002368095.1,bac120,Bacteria,Cyanobacteria,Cyanobacteriia,Cyanobacteriales,Nostocaceae,Rivularia,Rivularia parasitica
GB_GCA_003209055.1,bac120,Bacteria,Cyanobacteria,Cyanobacteriia,PCC-6307,Cyanobiaceae,Prochlorococcus_A,Prochlorococcus_A sp003209055
GB_GCA_902572915.1,bac120,Bacteria,Cyanobacteria,Cyanobacteriia,PCC-6307,Cyanobiaceae,Prochlorococcus_A,Prochlorococcus_A sp902572915
GB_GCA_011388315.1,bac120,Bacteria,DRYD01,DRYD01,DRYD01,DRYD01,DRYD01,DRYD01 sp011388315
GB_GCA_011047215.1,bac120,Bacteria,DRYD01,DRYD01,DRYD01,DRYD01,DSNQ01,DSNQ01 sp011047215
GB_GCA_012735455.1,bac120,Bacteria,DTU030,DTU030,DUMP01,DUMP01,JAAYHG01,JAAYHG01 sp012735455
GB_GCA_012839755.1,bac120,Bacteria,DTU030,DTU030,DUMP01,DUMP01,DUMP01,DUMP01 sp012839755
GB_GCA_014360335.1,bac120,Bacteria,DUMJ01,DUMJ01,DUMJ01,DUMJ01,DUMJ01,DUMJ01 sp014360335
GB_GCA_012839925.1,bac120,Bacteria,DUMJ01,DUMJ01,DUMJ01,DUMJ01,DUMJ01,DUMJ01 sp012839925
GB_GCA_910586745.1,bac120,Bacteria,Deferribacterota,Deferribacteres,Deferribacterales,Mucispirillaceae,Mucispirillum,Mucispirillum sp910586745
GB_GCA_001603805.1,bac120,Bacteria,Deferribacterota,Deferribacteres,Deferribacterales,Denitrovibrionaceae,Geovibrio,Geovibrio sp001603805
GB_GCA_011390735.1,bac120,Bacteria,Deinococcota,Deinococci,Deinococcales,Trueperaceae,JAABTL01,JAABTL01 sp011390735
RS_GCF_003444775.1,bac120,Bacteria,Deinococcota,Deinococci,Deinococcales,Deinococcaceae,Deinococcus,Deinococcus ficus
GB_GCA_016784425.1,bac120,Bacteria,Delongbacteria,UBA4055,CAIWAD01,BS150m-G50,BS150m-G50,BS150m-G50 sp016784425
GB_GCA_016938275.1,bac120,Bacteria,Delongbacteria,UBA4055,UBA4055,UBA4055,JAFGUZ01,JAFGUZ01 sp016938275
GB_GCA_001771315.1,bac120,Bacteria,Dependentiae,Babeliae,Babeliales,UBA12409,2-12-FULL-36-22,2-12-FULL-36-22 sp001771315
GB_GCA_018897535.1,bac120,Bacteria,Dependentiae,Babeliae,Babeliales,UASB340,UASB340,UASB340 sp018897535
GB_GCA_001871015.1,bac120,Bacteria,Desantisbacteria,UBA1551,UBA1551,UBA1559,UBA1559,UBA1559 sp001871015
GB_GCA_001871075.1,bac120,Bacteria,Desantisbacteria,UBA1551,UBA1551,UBA1551,UBA1551,UBA1551 sp001871075
RS_GCF_000013405.1,bac120,Bacteria,Desulfobacterota,Syntrophia,Syntrophales,Syntrophaceae,Syntrophus,Syntrophus aciditrophicus
RS_GCF_001888165.1,bac120,Bacteria,Desulfobacterota,Desulfuromonadia,Desulfuromonadales,Syntrophotaleaceae,Syntrophotalea,Syntrophotalea acetylenica
GB_GCA_016223005.1,bac120,Bacteria,Desulfobacterota,GWC2-55-46,UBA9637,GWC2-42-11,JACRPW01,JACRPW01 sp016223005
GB_GCA_002428445.1,bac120,Bacteria,Desulfobacterota,Syntrophia,Syntrophales,UBA6109,UBA6109,UBA6109 sp002428445
GB_GCA_003447545.1,bac120,Bacteria,Desulfobacterota_B,Binatia,UBA12015,UBA12015,UBA12015,UBA12015 sp003447545
GB_GCA_014896235.1,bac120,Bacteria,Desulfobacterota_B,Binatia,Binatales,Binataceae,JADMIL01,JADMIL01 sp014896235
GB_GCA_002869015.1,bac120,Bacteria,Desulfobacterota_C,Deferrisomatia,Deferrisomatales,BM512,BM512,BM512 sp002869015
GB_GCA_011049115.1,bac120,Bacteria,Desulfobacterota_C,Anaeroferrophillalia,Anaeroferrophillales,JAADEO01,DSCM01,DSCM01 sp011049115
GB_GCA_014075295.1,bac120,Bacteria,Desulfobacterota_D,UBA1144,RKRQ01,GCA-014075295,GCA-014075295,GCA-014075295 sp014075295
GB_GCA_001443445.1,bac120,Bacteria,Desulfobacterota_D,UBA1144,UBA2774,CSP1-2,CSP1-2,CSP1-2 sp001443445
GB_GCA_016220005.1,bac120,Bacteria,Desulfobacterota_E,MBNT15,MBNT15,MBNT15,JACRIV01,JACRIV01 sp016220005
GB_GCA_011773515.1,bac120,Bacteria,Desulfobacterota_E,MBNT15,J040,J040,WVXK01,WVXK01 sp011773515
GB_GCA_012719415.1,bac120,Bacteria,Desulfobacterota_G,Syntrophorhabdia,Syntrophorhabdales,Syntrophorhabdaceae,Delta-02,Delta-02 sp012719415
GB_GCA_002418945.1,bac120,Bacteria,Desulfobacterota_G,Syntrophorhabdia,Syntrophorhabdales,Syntrophorhabdaceae,UBA5609,UBA5609 sp002418945
GB_GCA_007125075.1,bac120,Bacteria,Desulfobacterota_I,Desulfovibrionia,Desulfovibrionales,Desulfonatronovibrionaceae,Desulfonatronospira,Desulfonatronospira sp007125075
RS_GCF_900217235.1,bac120,Bacteria,Desulfobacterota_I,Desulfovibrionia,Desulfovibrionales,Desulfovibrionaceae,Pseudodesulfovibrio,Pseudodesulfovibrio profundus
GB_GCA_002878375.1,bac120,Bacteria,Dictyoglomota,Dictyoglomia,Dictyoglomales,Dictyoglomaceae,NZ13-RE01,NZ13-RE01 sp002878375
RS_GCF_000021645.1,bac120,Bacteria,Dictyoglomota,Dictyoglomia,Dictyoglomales,Dictyoglomaceae,Dictyoglomus,Dictyoglomus turgidum
GB_GCA_003151665.1,bac120,Bacteria,Dormibacterota,Dormibacteria,Dormibacterales,Dormibacteraceae,Palsa-872,Palsa-872 sp003151665
GB_GCA_003142035.1,bac120,Bacteria,Dormibacterota,Dormibacteria,UBA8260,UBA8260,UBA8260,UBA8260 sp003142035
GB_GCA_013138765.1,ar53,Archaea,EX4484-52,EX4484-52,EX4484-52,GLR71,GLR71,GLR71 sp013138765
GB_GCA_013139905.1,ar53,Archaea,EX4484-52,EX4484-52,EX4484-52,B79-G9,GLR112,GLR112 sp013139905
GB_GCA_002403115.1,bac120,Bacteria,Edwardsbacteria,AC1,AC1,UBA8901,UBA8901,UBA8901 sp002403115
GB_GCA_018821925.1,bac120,Bacteria,Edwardsbacteria,AC1,AC1,EtOH8,UBA2226,UBA2226 sp018821925
GB_GCA_005893275.1,bac120,Bacteria,Eisenbacteria,RBG-16-71-46,SZUA-252,SZUA-252,WS-7,WS-7 sp005893275
GB_GCA_003235575.1,bac120,Bacteria,Eisenbacteria,RBG-16-71-46,SZUA-252,SZUA-252,SZUA-252,SZUA-252 sp003235575
GB_GCA_016207605.1,bac120,Bacteria,Elusimicrobiota,Elusimicrobia,UBA1565,UBA9628,GWA2-66-18,GWA2-66-18 sp016207605
GB_GCA_016281355.1,bac120,Bacteria,Elusimicrobiota,Elusimicrobia,Elusimicrobiales,Elusimicrobiaceae,UBA1174,UBA1174 sp016281355
GB_GCA_019232725.1,bac120,Bacteria,Eremiobacterota,Eremiobacteria,Eremiobacterales,Eremiobacteraceae,JAFANK01,JAFANK01 sp019232725
GB_GCA_011343225.1,bac120,Bacteria,Eremiobacterota,SpSt-956,SpSt-956,SpSt-956,SpSt-956,SpSt-956 sp011343225
GB_GCA_003136635.1,bac120,Bacteria,FCPU426,Palsa-1180,Palsa-1180,Palsa-1180,Bog-1183,Bog-1183 sp003136635
GB_GCA_016929575.1,bac120,Bacteria,FCPU426,JAAXVQ01,JAAXVQ01,JAAXVQ01,JAFGIQ01,JAFGIQ01 sp016929575
GB_GCA_003170555.1,bac120,Bacteria,FEN-1099,FEN-1099,FEN-1099,FEN-1099,FEN-1099,FEN-1099 sp003170555
GB_GCA_012517325.1,bac120,Bacteria,FEN-1099,FEN-1099,FEN-1099,FEN-1099,JAAYVF01,JAAYVF01 sp012517325
GB_GCA_016928495.1,bac120,Bacteria,Fermentibacterota,Fermentibacteria,Fermentibacterales,Fermentibacteraceae,JAFGKQ01,JAFGKQ01 sp016928495
GB_GCA_003646025.1,bac120,Bacteria,Fermentibacterota,Fermentibacteria,Fermentibacterales,Fermentibacteraceae,Sabulitectum,Sabulitectum sp003646025
GB_GCA_009787645.1,bac120,Bacteria,Fibrobacterota,Fibrobacteria,Fibrobacterales,Fibrobacteraceae,Fibromonas,Fibromonas sp009787645
GB_GCA_001462235.1,bac120,Bacteria,Fibrobacterota,Fibrobacteria,Fibrobacterales,Fibrobacteraceae,Fibromonas,Fibromonas sp001462235
GB_GCA_903915125.1,bac120,Bacteria,Firestonebacteria,D2-FULL-39-29,D2-FULL-39-29,CAIOVX01,CAIOVX01,CAIOVX01 sp903915125
GB_GCA_001778355.1,bac120,Bacteria,Firestonebacteria,D2-FULL-39-29,D2-FULL-39-29,D2-FULL-39-29,D2-FULL-39-29,D2-FULL-39-29 sp001778355
RS_GCF_001262715.1,bac120,Bacteria,Firmicutes,Bacilli,Mycoplasmatales,Mycoplasmataceae,Spiroplasma_A,Spiroplasma_A turonicum
RS_GCF_002355215.1,bac120,Bacteria,Firmicutes,Bacilli,Lactobacillales,Streptococcaceae,Streptococcus,Streptococcus troglodytae
RS_GCF_016811915.1,bac120,Bacteria,Firmicutes,Bacilli,Brevibacillales,Brevibacillaceae,Brevibacillus,Brevibacillus choshinensis_A
RS_GCF_002993335.1,bac120,Bacteria,Firmicutes,Bacilli,Bacillales_H,Salisediminibacteriaceae,Alkalicoccus,Alkalicoccus urumqiensis
GB_GCA_900547995.1,bac120,Bacteria,Firmicutes,Bacilli,RF39,UBA660,UMGS1045,UMGS1045 sp900547995
RS_GCF_009864005.1,bac120,Bacteria,Firmicutes,Bacilli,Lactobacillales,Lactobacillaceae,Furfurilactobacillus,Furfurilactobacillus rossiae_B
RS_GCF_000298075.1,bac120,Bacteria,Firmicutes,Bacilli,Staphylococcales,Staphylococcaceae,Staphylococcus,Staphylococcus massiliensis
GB_GCA_002297045.1,bac120,Bacteria,Firmicutes,Bacilli,RFN20,CAG-288,Enterosoma,Enterosoma sp002297045
GB_GCA_001641225.1,bac120,Bacteria,Firmicutes,Bacilli,Mycoplasmatales,Hepatoplasmataceae,Bg2,Bg2 sp001641225
GB_GCA_910586425.1,bac120,Bacteria,Firmicutes,Bacilli,RF39,UBA660,UBA5026,UBA5026 sp910586425
GB_GCA_900759985.1,bac120,Bacteria,Firmicutes,Bacilli,RF39,UBA660,Aphodocola,Aphodocola sp900759985
RS_GCF_001719045.1,bac120,Bacteria,Firmicutes,Bacilli,Paenibacillales,Paenibacillaceae,Paenibacillus,Paenibacillus polymyxa_B
GB_GCA_900554615.1,bac120,Bacteria,Firmicutes,Bacilli,RF39,UBA660,CAG-302,CAG-302 sp900554615
RS_GCF_001436505.1,bac120,Bacteria,Firmicutes,Bacilli,Lactobacillales,Lactobacillaceae,Loigolactobacillus,Loigolactobacillus rennini
RS_GCF_000763315.1,bac120,Bacteria,Firmicutes,Bacilli,Thermoactinomycetales,Thermoactinomycetaceae,Thermoactinomyces_A,Thermoactinomyces_A daqus
RS_GCF_002352765.1,bac120,Bacteria,Firmicutes,Bacilli,Bacillales_H,Salisediminibacteriaceae,Alteribacter,Alteribacter populi
GB_GCA_900751785.1,bac120,Bacteria,Firmicutes_A,Clostridia,Lachnospirales,Lachnospiraceae,Mediterraneibacter,Mediterraneibacter faecigallinarum
GB_GCA_017453205.1,bac120,Bacteria,Firmicutes_A,Clostridia,Oscillospirales,CAG-272,UMGS1865,UMGS1865 sp017453205
GB_GCA_902781895.1,bac120,Bacteria,Firmicutes_A,Clostridia,Lachnospirales,Lachnospiraceae,Eubacterium_Q,Eubacterium_Q sp902781895
GB_GCA_017848075.1,bac120,Bacteria,Firmicutes_A,Clostridia,Oscillospirales,Ruminococcaceae,Negativibacillus,Negativibacillus sp017848075
GB_GCA_902773835.1,bac120,Bacteria,Firmicutes_A,Clostridia,Peptostreptococcales,Anaerovoracaceae,RUG099,RUG099 sp902773835
GB_GCA_002371675.1,bac120,Bacteria,Firmicutes_A,Clostridia,Oscillospirales,Oscillospiraceae,Limivicinus,Limivicinus sp002371675
RS_GCF_904395335.1,bac120,Bacteria,Firmicutes_A,Clostridia,Oscillospirales,Acutalibacteraceae,Avimonas_A,Avimonas_A narfia
GB_GCA_902795555.1,bac120,Bacteria,Firmicutes_A,Clostridia,Christensenellales,CAG-74,GCA-900199385,GCA-900199385 sp902795555
GB_GCA_016284485.1,bac120,Bacteria,Firmicutes_A,Clostridia,Peptostreptococcales,Anaerovoracaceae,RUG754,RUG754 sp016284485
GB_GCA_902780505.1,bac120,Bacteria,Firmicutes_A,Clostridia,Oscillospirales,Ruminococcaceae,Ruminococcus_D,Ruminococcus_D sp902780505
RS_GCF_015234215.1,bac120,Bacteria,Firmicutes_A,Clostridia,Clostridiales,Clostridiaceae,Clostridium,Clostridium sp015234215
GB_GCA_009779835.1,bac120,Bacteria,Firmicutes_A,Clostridia,Lachnospirales,WQUN01,WQVC01,WQVC01 sp009779835
RS_GCF_000526575.1,bac120,Bacteria,Firmicutes_A,Clostridia,Lachnospirales,Lachnospiraceae,Lacrimispora,Lacrimispora sp000526575
GB_GCA_017427645.1,bac120,Bacteria,Firmicutes_A,Clostridia,Oscillospirales,Oscillospiraceae,CAG-83,CAG-83 sp017427645
GB_GCA_900758955.1,bac120,Bacteria,Firmicutes_A,Clostridia,Oscillospirales,Oscillospiraceae,Evtepia,Evtepia sp900758955
RS_GCF_001561955.1,bac120,Bacteria,Firmicutes_A,Clostridia,Lachnospirales,Anaerotignaceae,Anaerotignum,Anaerotignum propionicum
GB_GCA_017450185.1,bac120,Bacteria,Firmicutes_A,Clostridia,Oscillospirales,Acutalibacteraceae,RUG806,RUG806 sp017450185
RS_GCF_013302405.1,bac120,Bacteria,Firmicutes_A,Clostridia,Lachnospirales,Lachnospiraceae,Blautia_A,Blautia_A caecimuris
GB_GCA_015064505.1,bac120,Bacteria,Firmicutes_A,Clostridia,Oscillospirales,CAG-272,RUG12395,RUG12395 sp015064505
GB_GCA_902766325.1,bac120,Bacteria,Firmicutes_A,Clostridia,Christensenellales,DTU072,CAG-1782,CAG-1782 sp902766325
GB_GCA_905213875.1,bac120,Bacteria,Firmicutes_A,Clostridia,TANB77,CAG-508,CAG-269,CAG-269 sp905213875
GB_GCA_900551495.1,bac120,Bacteria,Firmicutes_A,Clostridia,Oscillospirales,Oscillospiraceae,Faecousia,Faecousia sp900551495
GB_GCA_004554205.1,bac120,Bacteria,Firmicutes_A,Clostridia,Lachnospirales,Lachnospiraceae,Ventrimonas,Ventrimonas sp004554205
RS_GCF_000209815.1,bac120,Bacteria,Firmicutes_A,Clostridia,Lachnospirales,Lachnospiraceae,Pseudobutyrivibrio,Pseudobutyrivibrio fibrisolvens_A
GB_GCA_900550955.1,bac120,Bacteria,Firmicutes_A,Clostridia,Christensenellales,CAG-74,Limiplasma,Limiplasma sp900550955
GB_GCA_017436225.1,bac120,Bacteria,Firmicutes_A,Clostridia,Oscillospirales,Acutalibacteraceae,UMGS1279,UMGS1279 sp017436225
GB_GCA_904420525.1,bac120,Bacteria,Firmicutes_A,Clostridia,UBA1381,UBA1381,Ornithomonoglobus,Ornithomonoglobus sp904420525
GB_GCA_905200565.1,bac120,Bacteria,Firmicutes_A,Clostridia,Lachnospirales,Lachnospiraceae,CAG-56,CAG-56 sp905200565
GB_GCA_017561715.1,bac120,Bacteria,Firmicutes_A,Clostridia,Saccharofermentanales,Saccharofermentanaceae,Firm-16,Firm-16 sp017561715
GB_GCA_910586315.1,bac120,Bacteria,Firmicutes_A,Clostridia,Lachnospirales,Lachnospiraceae,Copromonas,Copromonas sp910586315
GB_GCA_012728655.1,bac120,Bacteria,Firmicutes_B,Syntrophomonadia,Syntrophomonadales,DTU052,DTU052,DTU052 sp012728655
RS_GCF_006538365.1,bac120,Bacteria,Firmicutes_B,Moorellia,Moorellales,Moorellaceae,Moorella,Moorella sp006538365
GB_GCA_900315575.1,bac120,Bacteria,Firmicutes_C,Negativicutes,Selenomonadales,Selenomonadaceae,Selenomonas_C,Selenomonas_C sp900315575
RS_GCF_003010495.1,bac120,Bacteria,Firmicutes_C,Negativicutes,Veillonellales,Megasphaeraceae,Megasphaera,Megasphaera elsdenii
GB_GCA_018333635.1,bac120,Bacteria,Firmicutes_D,Dethiobacteria,Dethiobacterales,Dethiobacteraceae,GPS1B09,GPS1B09 sp018333635
GB_GCA_012522335.1,bac120,Bacteria,Firmicutes_D,Dethiobacteria,Dethiobacterales,Dethiobacteraceae,UBA9865,UBA9865 sp003444375
GB_GCA_018052455.1,bac120,Bacteria,Firmicutes_E,DTU015,D8A-2,D2,UBA3907,UBA3907 sp018052455
GB_GCA_003242505.1,bac120,Bacteria,Firmicutes_E,Symbiobacteriia,Symbiobacteriales,ZC4RG38,ZC4RG38,ZC4RG38 sp003242505
GB_GCA_003554145.1,bac120,Bacteria,Firmicutes_F,Halanaerobiia,B1SED10-174,B1SED10-174,T1SED10-26,T1SED10-26 sp003554145
RS_GCF_000166415.1,bac120,Bacteria,Firmicutes_F,Halanaerobiia,Halanaerobiales,Halanaerobiaceae,Halanaerobium,Halanaerobium hydrogeniformans
GB_GCA_012518595.1,bac120,Bacteria,Firmicutes_G,SHA-98,UBA4971,UBA4971,UBA4971,UBA4971 sp012518595
GB_GCA_012516115.1,bac120,Bacteria,Firmicutes_G,UBA4882,JAAYXC01,JAAYXC01,JAAYXC01,JAAYXC01 sp012516115
GB_GCA_002345475.1,bac120,Bacteria,Firmicutes_H,UBA994,UBA994,UBA994,UBA2296,UBA2296 sp002345475
GB_GCA_009773495.1,bac120,Bacteria,Firmicutes_H,UBA994,UBA994,UBA994,WSXW01,WSXW01 sp009773495
RS_GCF_000235465.1,bac120,Bacteria,Fusobacteriota,Fusobacteriia,Fusobacteriales,Fusobacteriaceae,Fusobacterium,Fusobacterium sp000235465
RS_GCF_000158275.2,bac120,Bacteria,Fusobacteriota,Fusobacteriia,Fusobacteriales,Fusobacteriaceae,Fusobacterium,Fusobacterium animalis
GB_GCA_001730085.1,bac120,Bacteria,GCA-001730085,GCA-001730085,GCA-001730085,GCA-001730085,GCA-001730085,GCA-001730085 sp001730085
GB_GCA_002313925.1,bac120,Bacteria,Gemmatimonadota,Gemmatimonadetes,Longimicrobiales,UBA6960,UBA1138,UBA1138 sp002313925
GB_GCA_003222135.1,bac120,Bacteria,Gemmatimonadota,Gemmatimonadetes,Gemmatimonadales,GWC2-71-9,20CM-4-69-16,20CM-4-69-16 sp003222135
GB_GCA_002686955.1,bac120,Bacteria,Gemmatimonadota_A,GCA-2686955,GCA-2686955,GCA-2686955,GCA-2686955,GCA-2686955 sp002686955
GB_GCA_903837445.1,bac120,Bacteria,Goldbacteria,PGYV01,PGYV01,CAILUR01,CAILUR01,CAILUR01 sp903837445
GB_GCA_003159495.1,bac120,Bacteria,Goldbacteria,PGYV01,PGYV01,Palsa-1178,Bog-1181,Bog-1181 sp003159495
GB_GCA_018725175.1,bac120,Bacteria,HKB111,HKB111,HKB111,HKB111,HKB111,HKB111 sp018725175
GB_GCA_018725485.1,bac120,Bacteria,HKB111,HKB111,HKB111,HKB111,HKB111,HKB111 sp018725485
GB_GCA_001515205.2,ar53,Archaea,Hadarchaeota,Hadarchaeia,Hadarchaeales,Hadarchaeaceae,Hadarchaeum,Hadarchaeum yellowstonense
GB_GCA_004347925.1,ar53,Archaea,Hadarchaeota,Hadarchaeia,Hadarchaeales,WYZ-LMO6,WYZ-LMO6,WYZ-LMO6 sp004347925
GB_GCA_000496215.1,ar53,Archaea,Halobacteriota,Halobacteria,Halobacteriales,Haloferacaceae,Halonotius,Halonotius sp000496215
GB_GCA_000224475.1,ar53,Archaea,Halobacteriota,Halobacteria,Halobacteriales,Haloferacaceae,Halolamina,Halolamina sp000224475
GB_GCA_015520115.1,ar53,Archaea,Halobacteriota,Archaeoglobi,Archaeoglobales,Archaeoglobaceae,Ferroglobus,Ferroglobus sp015520115
GB_GCA_002789275.1,ar53,Archaea,Huberarchaeota,Huberarchaeia,Huberarchaeales,Huberarchaeaceae,Huberarchaeum,Huberarchaeum crystalense
GB_GCA_016934125.1,bac120,Bacteria,Hydrogenedentota,Hydrogenedentia,Hydrogenedentiales,SLHB01,JAFGTL01,JAFGTL01 sp016934125
GB_GCA_013359265.1,bac120,Bacteria,Hydrogenedentota,Hydrogenedentia,Hydrogenedentiales,SLHB01,JABWCD01,JABWCD01 sp013359265
GB_GCA_018830205.1,ar53,Archaea,Hydrothermarchaeota,Hydrothermarchaeia,Hydrothermarchaeales,Hydrothermarchaeaceae,JAHJSX01,JAHJSX01 sp018830205
GB_GCA_015520145.1,ar53,Archaea,Hydrothermarchaeota,Hydrothermarchaeia,Hydrothermarchaeales,WAQR01,WAQR01,WAQR01 sp015520145
GB_GCA_018304445.1,ar53,Archaea,Iainarchaeota,Iainarchaeia,Iainarchaeales,JACPJC01,JACPJC01,JACPJC01 sp018304445
GB_GCA_017608575.1,ar53,Archaea,Iainarchaeota,Iainarchaeia,Iainarchaeales,DTGL01,JAFCFP01,JAFCFP01 sp017608575
GB_GCA_003695505.1,bac120,Bacteria,J088,J088,J088,J088,J088,J088 sp003695505
GB_GCA_009835325.1,bac120,Bacteria,JAAXHH01,JAAXHH01,JAAXHH01,JAAXHH01,JAAXHH01,JAAXHH01 sp009835325
GB_GCA_009841265.1,bac120,Bacteria,JAAXHH01,JAAXHH01,JAAXHH01,JAAXHH01,JAAXHH01,JAAXHH01 sp009841265
GB_GCA_016930695.1,bac120,Bacteria,JABDJQ01,JABDJQ01,JABDJQ01,JABDJQ01,JAFGGD01,JAFGGD01 sp016930695
GB_GCA_016867715.1,bac120,Bacteria,JABDJQ01,JABDJQ01,JABDJQ01,JABDJQ01,VGIW01,VGIW01 sp016867715
GB_GCA_013203085.1,bac120,Bacteria,JABMQX01,JABMQX01,JABMQX01,JABMQX01,JABMQX01,JABMQX01 sp013203085
GB_GCA_016931415.1,bac120,Bacteria,JABMQX01,JABMQX01,JABMQX01,JAFGEW01,JAFGEW01,JAFGEW01 sp016931415
GB_GCA_014360465.1,bac120,Bacteria,JACIXR01,JACIXR01,JACIXR01,JACIXR01,JACIXR01,JACIXR01 sp014360465
GB_GCA_014360495.1,bac120,Bacteria,JACIXR01,JACIXR01,JACIXR01,JACIXR01,JACIXR01,JACIXR01 sp014360495
GB_GCA_016190245.1,bac120,Bacteria,JACPQY01,JACPQY01,JACPQY01,JACPQY01,JACPQY01,JACPQY01 sp016190245
GB_GCA_016180645.1,bac120,Bacteria,JACPQY01,JACPQY01,JACPQY01,JACPQY01,JACPAV01,JACPAV01 sp016180645
GB_GCA_016193065.1,bac120,Bacteria,JACPSX01,JACPSX01,JACPSX01,JACPSX01,JACPSX01,JACPSX01 sp016193065
GB_GCA_016192455.1,bac120,Bacteria,JACPUC01,JACPUC01,JACPUC01,JACPUC01,JACPUC01,JACPUC01 sp016192455
GB_GCA_016178055.1,bac120,Bacteria,JACPWU01,JACPWU01,JACPWU01,JACPWU01,JACOUC01,JACOUC01 sp016178055
GB_GCA_016196885.1,bac120,Bacteria,JACPWU01,JACPWU01,JACPWU01,JACPWU01,JACPWU01,JACPWU01 sp016196885
GB_GCA_016202395.1,bac120,Bacteria,JACQOV01,JACQOV01,JACQOV01,JACQOV01,JACQOV01,JACQOV01 sp016202395
GB_GCA_016212735.1,bac120,Bacteria,JACRDZ01,JACRDZ01,JACRDZ01,JACRDZ01,JACRDZ01,JACRDZ01 sp016212735
GB_GCA_016209155.1,bac120,Bacteria,JACRDZ01,JACRDZ01,JACRDZ01,JACRDZ01,JACQWU01,JACQWU01 sp016209155
GB_GCA_016713535.1,bac120,Bacteria,JADJOY01,JADJOY01,JADJOY01,JADJOY01,JADJOY01,JADJOY01 sp016713535
GB_GCA_016929035.1,bac120,Bacteria,JAFGBW01,JAFGBW01,JAFGJP01,JAFGJP01,JAFGJP01,JAFGJP01 sp016929035
GB_GCA_016932965.1,bac120,Bacteria,JAFGBW01,JAFGBW01,JAFGBW01,JAFGBW01,JAFGBW01,JAFGBW01 sp016932965
GB_GCA_016927185.1,bac120,Bacteria,JAFGND01,JAFGND01,JAFGND01,JAFGND01,JAFGND01,JAFGND01 sp016927185
GB_GCA_016926495.1,bac120,Bacteria,JAFGOL01,JAFGOL01,JAFGOL01,JAFGOL01,JAFGOL01,JAFGOL01 sp016926495
GB_GCA_017999075.1,bac120,Bacteria,JAGOBX01,JAGOBX01,JAGOBX01,JAGOBX01,JAGOBX01,JAGOBX01 sp017999075
GB_GCA_017997825.1,bac120,Bacteria,JAGOEH01,JAGOEH01,JAGOEH01,JAGOEH01,JAGOEH01,JAGOEH01 sp017997825
GB_GCA_018812485.1,bac120,Bacteria,JAHJDO01,JAHJDO01,JAHJDO01,JAHJDO01,JAHJDO01,JAHJDO01 sp018812485
GB_GCA_002898015.1,bac120,Bacteria,JdFR-76,JdFR-76,JdFR-76,BMS3Abin05,BMS3Abin05,BMS3Abin05 sp002898015
GB_GCA_011040895.1,bac120,Bacteria,JdFR-76,JdFR-76,JdFR-76,DREG01,DREG01,DREG01 sp011040895
GB_GCA_002327255.1,bac120,Bacteria,KSB1,UBA2214,UBA2214,UBA2214,UBA2214,UBA2214 sp002327255
GB_GCA_015485525.1,bac120,Bacteria,KSB1,UBA2214,DRLW01,DRLW01,DRLW01,DRLW01 sp015485525
GB_GCA_016719645.1,bac120,Bacteria,Krumholzibacteriota,Krumholzibacteria,LZORAL124-64-63,LZORAL124-64-63,PNOJ01,PNOJ01 sp016719645
GB_GCA_002747875.1,bac120,Bacteria,Krumholzibacteriota,Krumholzibacteria,LZORAL124-64-63,LZORAL124-64-63,LZORAL124-64-63,LZORAL124-64-63 sp002747875
GB_GCA_002070295.1,bac120,Bacteria,Latescibacterota,MWCZ01,MWCZ01,MWCZ01,MWCZ01,MWCZ01 sp002070295
GB_GCA_002727195.1,bac120,Bacteria,Latescibacterota,UBA2968,UBA2968,UBA2968,UBA2968,UBA2968 sp002727195
GB_GCA_016202645.1,bac120,Bacteria,Lindowbacteria,2-12-FULL-62-27,2-12-FULL-62-27,2-12-FULL-62-27,JACQOF01,JACQOF01 sp016202645
GB_GCA_001784175.1,bac120,Bacteria,Lindowbacteria,2-12-FULL-62-27,2-12-FULL-62-27,2-12-FULL-62-27,2-12-FULL-62-27,2-12-FULL-62-27 sp001784175
GB_GCA_018814265.1,bac120,Bacteria,Margulisbacteria,WOR-1,O2-12-FULL-45-9,O2-12-FULL-45-9,JAHIZU01,JAHIZU01 sp018814265
GB_GCA_009691415.1,bac120,Bacteria,Margulisbacteria,Marinamargulisbacteria,SXXA01,SICP01,SICP01,SICP01 sp009691415
GB_GCA_002701645.1,bac120,Bacteria,Marinisomatota,Marinisomatia,Marinisomatales,Marinisomataceae,Marinisoma,Marinisoma sp002701645
GB_GCA_016844955.1,bac120,Bacteria,Marinisomatota,UBA8477,UBA8477,UBA8477,JABMPR01,JABMPR01 sp016844955
GB_GCA_016937175.1,bac120,Bacteria,Mcinerneyibacteriota,Mcinerneyibacteria,Mcinerneyibacteriales,DSCS01,DSCS01,DSCS01 sp016937175
GB_GCA_011048995.1,bac120,Bacteria,Mcinerneyibacteriota,Mcinerneyibacteria,Mcinerneyibacteriales,DSCS01,DSCS01,DSCS01 sp011048995
GB_GCA_003166335.1,ar53,Archaea,Methanobacteriota,Methanobacteria,Methanobacteriales,Methanobacteriaceae,Methanobacterium_A,Methanobacterium_A sp003166335
GB_GCA_017468685.1,ar53,Archaea,Methanobacteriota,Methanobacteria,Methanobacteriales,Methanobacteriaceae,Methanobrevibacter_A,Methanobrevibacter_A sp017468685
RS_GCF_000243455.1,ar53,Archaea,Methanobacteriota_A,Methanococci,Methanococcales,Methanococcaceae,Methanotorris,Methanotorris formicicus
GB_GCA_015662355.1,ar53,Archaea,Methanobacteriota_A,Methanococci,Methanococcales,Methanococcaceae,Methanofervidicoccus,Methanofervidicoccus okinawensis_A
RS_GCF_001317345.1,ar53,Archaea,Methanobacteriota_B,Thermococci,Thermococcales,Thermococcaceae,Thermococcus_A,Thermococcus_A sp001317345
RS_GCF_001647085.1,ar53,Archaea,Methanobacteriota_B,Thermococci,Thermococcales,Thermococcaceae,Thermococcus,Thermococcus piezophilus
GB_GCA_016188625.1,bac120,Bacteria,Methylomirabilota,Methylomirabilia,Rokubacteriales,JACPHL01,JACPHL01,JACPHL01 sp016188625
GB_GCA_003220435.1,bac120,Bacteria,Methylomirabilota,Methylomirabilia,Rokubacteriales,CSP1-6,AR31,AR31 sp003220435
GB_GCA_011380495.1,ar53,Archaea,Micrarchaeota,Micrarchaeia,Anstonellales,J096,JAADEL01,JAADEL01 sp011380495
GB_GCA_013425335.1,ar53,Archaea,Micrarchaeota,Micrarchaeia,DTNL01,DTGH01,Fermentimicrarchaeum,Fermentimicrarchaeum sp013425335
GB_GCA_011330975.1,bac120,Bacteria,Moduliflexota,Moduliflexia,Moduliflexales,DSSU01,DSSU01,DSSU01 sp011330975
GB_GCA_000739515.1,bac120,Bacteria,Moduliflexota,Moduliflexia,Moduliflexales,Moduliflexaceae,Moduliflexus,Moduliflexus flocculans
GB_GCA_002869225.1,bac120,Bacteria,Muirbacteria,Muirbacteriia,Muirbacteriales,Muirbacteriaceae,Muirbacterium,Muirbacterium halophilum
GB_GCA_017613855.1,bac120,Bacteria,Myxococcota,Bradymonadia,UBA4248,UBA4248,UBA4248,UBA4248 sp017613855
GB_GCA_903905455.1,bac120,Bacteria,Myxococcota,Myxococcia,Myxococcales,Myxococcaceae,Archangium_A,Archangium_A sp903905455
GB_GCA_903875225.1,bac120,Bacteria,Myxococcota_A,UBA796,UBA796,SXON01,CAIUMM01,CAIUMM01 sp903875225
GB_GCA_009692585.1,bac120,Bacteria,Myxococcota_A,UBA796,UBA796,SXON01,SXON01,SXON01 sp009692585
GB_GCA_013151555.1,bac120,Bacteria,NPL-UPA2,NPL-UPA2,NPL-UPA2,JAADIA01,JAADIA01,JAADIA01 sp013151555
GB_GCA_003574845.1,bac120,Bacteria,NPL-UPA2,NPL-UPA2,NPL-UPA2,NPL-UPA2,NPL-UPA2,NPL-UPA2 sp003574845
GB_GCA_018817405.1,ar53,Archaea,Nanoarchaeota,Nanoarchaeia,Pacearchaeales,GW2011-AR1,UBA73,UBA73 sp018817405
GB_GCA_017609755.1,ar53,Archaea,Nanoarchaeota,Nanoarchaeia,Pacearchaeales,GW2011-AR1,JAFCEV01,JAFCEV01 sp017609755
GB_GCA_003009815.1,ar53,Archaea,Nanohaloarchaeota,Nanosalinia,Nanosalinales,Nanosalinaceae,SW-4-43-9,SW-4-43-9 sp003009815
GB_GCA_001564035.1,ar53,Archaea,Nanohaloarchaeota,Nanosalinia,Nanosalinales,Nanosalinaceae,B1-Br10-U2g21,B1-Br10-U2g21 sp001564035
GB_GCA_018664975.1,bac120,Bacteria,Nitrospinota,Nitrospinia,Nitrospinales,Nitrospinaceae,LS-NOB,LS-NOB sp018664975
GB_GCA_016235255.1,bac120,Bacteria,Nitrospinota,UBA7883,UBA7883,JACRLM01,JACRLM01,JACRLM01 sp016235255
GB_GCA_001803565.1,bac120,Bacteria,Nitrospinota_B,2-12-FULL-45-22,2-12-FULL-45-22,2-12-FULL-45-22,2-12-FULL-45-22,2-12-FULL-45-22 sp001803565
GB_GCA_016176845.1,bac120,Bacteria,Nitrospinota_B,2-12-FULL-45-22,2-12-FULL-45-22,JACOWJ01,JACOWJ01,JACOWJ01 sp016176845
GB_GCA_013824325.1,bac120,Bacteria,Nitrospirota,Thermodesulfovibrionia,Thermodesulfovibrionales,Dissulfurispiraceae,PNNP01,PNNP01 sp013824325
GB_GCA_016212195.1,bac120,Bacteria,Nitrospirota,Thermodesulfovibrionia,JACRGW01,JACRGW01,JACRGW01,JACRGW01 sp016212195
GB_GCA_002387725.1,bac120,Bacteria,Nitrospirota_A,Leptospirillia,Leptospirillales,Leptospirillaceae,UBA4572,UBA4572 sp002387725
RS_GCF_000299235.1,bac120,Bacteria,Nitrospirota_A,Leptospirillia,Leptospirillales,Leptospirillaceae,Leptospirillum_A,Leptospirillum_A rubarum
GB_GCA_016934335.1,bac120,Bacteria,OLB16,OLB16,SURF-12,SURF-12,JAFGTC01,JAFGTC01 sp016934335
GB_GCA_001567115.1,bac120,Bacteria,OLB16,OLB16,OLB16,OLB16,OLB16,OLB16 sp001567115
GB_GCA_014728785.1,bac120,Bacteria,Omnitrophota,Koll11,4484-171,4484-171,WJKZ01,WJKZ01 sp014728785
GB_GCA_903907475.1,bac120,Bacteria,Omnitrophota,Koll11,GIF10,UBA6249,UBA6249,UBA6249 sp903907475
GB_GCA_003551625.1,bac120,Bacteria,PUNC01,PUNC01,PUNC01,PUNC01,PUNC01,PUNC01 sp003551625
GB_GCA_003561965.1,bac120,Bacteria,PUNC01,PUNC01,PUNC01,PWXJ01,PWXJ01,PWXJ01 sp003561965
GB_GCA_018062625.1,bac120,Bacteria,Patescibacteria,Microgenomatia,UBA10105,UBA927,UBA927,UBA927 sp018062625
GB_GCA_017406775.1,bac120,Bacteria,Patescibacteria,Saccharimonadia,Saccharimonadales,Nanosyncoccaceae,Nanosyncoccus,Nanosyncoccus sp017406775
GB_GCA_018826445.1,bac120,Bacteria,Patescibacteria,Gracilibacteria,UBA1369,JAHKBB01,JAHKBB01,JAHKBB01 sp018826445
GB_GCA_001004885.1,bac120,Bacteria,Patescibacteria,ABY1,Magasanikbacterales,UBA922,GWA2-56-11,GWA2-56-11 sp001004885
GB_GCA_007376285.1,bac120,Bacteria,Patescibacteria,Paceibacteria,UBA9983_A,UBA10002,2-02-FULL-48-16,2-02-FULL-48-16 sp007376285
GB_GCA_002306345.1,bac120,Bacteria,Patescibacteria,Microgenomatia,UBA1400,PJMF01,UBA1364,UBA1364 sp002306345
GB_GCA_017442645.1,bac120,Bacteria,Patescibacteria,JAEDAM01,Absconditabacterales,X112,UBA3291,UBA3291 sp017442645
GB_GCA_018061025.1,bac120,Bacteria,Patescibacteria,ABY1,SG8-24,2-12-FULL-60-25,JAGOUA01,JAGOUA01 sp018061025
GB_GCA_018400055.1,bac120,Bacteria,Patescibacteria,Paceibacteria,Moranbacterales,M55B143,M55B143,M55B143 sp018400055
GB_GCA_018830585.1,bac120,Bacteria,Patescibacteria,Microgenomatia,UBA12405,JAHJSD01,JAHJSD01,JAHJSD01 sp018830585
GB_GCA_014584345.1,bac120,Bacteria,Planctomycetota,Planctomycetia,Planctomycetales,Planctomycetaceae,Rubinisphaera,Rubinisphaera sp014584345
GB_GCA_002364485.1,bac120,Bacteria,Planctomycetota,Phycisphaerae,Phycisphaerales,SM1A02,UBA854,UBA854 sp002364485
GB_GCA_011525785.1,bac120,Bacteria,Planctomycetota,UBA1135,UBA1135,GCA-002686595,WYBT01,WYBT01 sp011525785
GB_GCA_007741475.1,bac120,Bacteria,Planctomycetota,Planctomycetia,Pirellulales,Pirellulaceae,Rosistilla,Rosistilla sp007741475
GB_GCA_002714785.1,bac120,Bacteria,Poribacteria,WGA-4E,WGA-4E,UBA9662,TMED15,TMED15 sp002714785
GB_GCA_002697225.1,bac120,Bacteria,Poribacteria,WGA-4E,WGA-4E,UBA9662,UBA9662,UBA9662 sp002697225
GB_GCA_016744975.1,bac120,Bacteria,Proteobacteria,Alphaproteobacteria,Rhizobiales,OSC116,OCS116,OCS116 sp016744975
RS_GCF_000314995.1,bac120,Bacteria,Proteobacteria,Gammaproteobacteria,Enterobacterales,Alteromonadaceae,Paraglaciecola,Paraglaciecola arctica
RS_GCF_018614775.1,bac120,Bacteria,Proteobacteria,Gammaproteobacteria,Pseudomonadales,Pseudomonadaceae,Pseudomonas_E,Pseudomonas_E fluorescens_BY
GB_GCA_003133265.1,bac120,Bacteria,Proteobacteria,Alphaproteobacteria,Acetobacterales,Acetobacteraceae,PALSA-911,PALSA-911 sp003133265
GB_GCA_014622685.1,bac120,Bacteria,Proteobacteria,Gammaproteobacteria,Enterobacterales_A,Enterobacteriaceae_A,Buchnera,Buchnera aphidicola_BD
GB_GCA_017467335.1,bac120,Bacteria,Proteobacteria,Alphaproteobacteria,RF32,UBA3637,RGIG4140,RGIG4140 sp017467335
RS_GCF_004661485.1,bac120,Bacteria,Proteobacteria,Gammaproteobacteria,Burkholderiales,Methylophilaceae,Methylotenera,Methylotenera sp004661485
GB_GCA_002791805.1,bac120,Bacteria,Proteobacteria,Alphaproteobacteria,UBA1280,UBA6156,UM-FILTER-53-9,UM-FILTER-53-9 sp002791805
GB_GCA_000513055.1,bac120,Bacteria,Proteobacteria,Alphaproteobacteria,Pelagibacterales,Pelagibacteraceae,AAA240-E13,AAA240-E13 sp000513055
RS_GCF_016107545.1,bac120,Bacteria,Proteobacteria,Gammaproteobacteria,Pseudomonadales,Moraxellaceae,Psychrobacter,Psychrobacter namhaensis
RS_GCF_000712135.1,bac120,Bacteria,Proteobacteria,Alphaproteobacteria,Sphingomonadales,Sphingomonadaceae,Sphingomonas,Sphingomonas sp000712135
GB_GCA_902573385.1,bac120,Bacteria,Proteobacteria,Alphaproteobacteria,Pelagibacterales,Pelagibacteraceae,Pelagibacter,Pelagibacter sp902573385
GB_GCA_006226305.1,bac120,Bacteria,Proteobacteria,Alphaproteobacteria,SMXP01,SMXP01,M2410,M2410 sp006226305
GB_GCA_015494185.1,bac120,Bacteria,Proteobacteria,Alphaproteobacteria,Rhizobiales,HXMU1428-3,S144-35,S144-35 sp015494185
GB_GCA_000814665.1,bac120,Bacteria,Proteobacteria,Gammaproteobacteria,Enterobacterales,Alteromonadaceae,Pseudoalteromonas,Pseudoalteromonas elyakovii
RS_GCF_018131225.1,bac120,Bacteria,Proteobacteria,Alphaproteobacteria,Rhizobiales,Xanthobacteraceae,U87765,U87765 sp018131225
GB_GCA_000147015.1,bac120,Bacteria,Proteobacteria,Gammaproteobacteria,Enterobacterales_A,Enterobacteriaceae_A,Zinderia,Zinderia insecticola
RS_GCF_004216695.1,bac120,Bacteria,Proteobacteria,Gammaproteobacteria,Burkholderiales,Burkholderiaceae,Pigmentiphaga,Pigmentiphaga kullae
GB_GCA_902528135.1,bac120,Bacteria,Proteobacteria,Alphaproteobacteria,Pelagibacterales,Pelagibacteraceae,Pelagibacter,Pelagibacter sp902528135
RS_GCF_001427125.1,bac120,Bacteria,Proteobacteria,Gammaproteobacteria,Pseudomonadales,Pseudomonadaceae,Pseudomonas_E,Pseudomonas_E sp001427125
GB_GCA_015709695.1,bac120,Bacteria,Proteobacteria,Gammaproteobacteria,GCA-2729495,GCA-2729495,QUBU01,QUBU01 sp015709695
RS_GCF_015476335.1,bac120,Bacteria,Proteobacteria,Alphaproteobacteria,Rickettsiales,Rickettsiaceae,ESH-2018B,ESH-2018B sp015476335
GB_GCA_013373375.1,bac120,Bacteria,Proteobacteria,Gammaproteobacteria,Enterobacterales,Kangiellaceae,Pleionea,Pleionea sp013373375
RS_GCF_900582195.1,bac120,Bacteria,Proteobacteria,Gammaproteobacteria,Pseudomonadales,Pseudomonadaceae,Pseudomonas_E,Pseudomonas_E sp900582195
GB_GCA_002414385.1,bac120,Bacteria,Proteobacteria,Gammaproteobacteria,Pseudomonadales,Pseudohongiellaceae,UBA5109,UBA5109 sp002414385
RS_GCF_001428865.1,bac120,Bacteria,Proteobacteria,Alphaproteobacteria,Sphingomonadales,Sphingomonadaceae,Sphingomonas,Sphingomonas sp001428865
RS_GCF_017377745.1,bac120,Bacteria,Proteobacteria,Alphaproteobacteria,Acetobacterales,Acetobacteraceae,Acetobacter,Acetobacter suratthaniensis
GB_GCA_002337455.1,bac120,Bacteria,Proteobacteria,Alphaproteobacteria,Rhizobiales,Devosiaceae,Pelagibacterium,Pelagibacterium sp002337455
GB_GCA_013151535.1,bac120,Bacteria,Proteobacteria,Alphaproteobacteria,Rhodobacterales,Rhodobacteraceae,UBA5972,UBA5972 sp013151535
GB_GCA_903888645.1,bac120,Bacteria,Proteobacteria,Gammaproteobacteria,Burkholderiales,Rhodocyclaceae,CAISUK01,CAISUK01 sp903888645
GB_GCA_013202295.1,bac120,Bacteria,QNDG01,QNDG01,QNDG01,JABMRT01,JABMRT01,JABMRT01 sp013202295
GB_GCA_016931355.1,bac120,Bacteria,QNDG01,QNDG01,QNDG01,JABMRT01,JAFGEX01,JAFGEX01 sp016931355
GB_GCA_011388515.1,bac120,Bacteria,RBG-13-61-14,RBG-13-61-14,RBG-13-61-14,DRUE01,DRUE01,DRUE01 sp011388515
GB_GCA_001797815.1,bac120,Bacteria,RBG-13-61-14,RBG-13-61-14,RBG-13-61-14,RBG-13-61-14,RBG-13-61-14,RBG-13-61-14 sp001797815
GB_GCA_014728185.1,bac120,Bacteria,RBG-13-66-14,RBG-13-66-14,RBG-13-66-14,RBG-13-66-14,WJMB01,WJMB01 sp014728185
GB_GCA_001774505.1,bac120,Bacteria,RBG-13-66-14,RBG-13-66-14,RBG-13-66-14,RBG-13-66-14,RBG-13-66-14,RBG-13-66-14 sp001774505
GB_GCA_900321865.1,bac120,Bacteria,RUG730,RUG730,RUG730,RUG730,RUG730,RUG730 sp900321865
GB_GCA_016928555.1,bac120,Bacteria,Ratteibacteria,UBA8468,B48-G9,JAFGKM01,JAFGKM01,JAFGKM01 sp016928555
GB_GCA_012515635.1,bac120,Bacteria,Ratteibacteria,UBA8468,B48-G9,JAFGKM01,JAFGKM01,JAFGKM01 sp012515635
GB_GCA_016192885.1,bac120,Bacteria,Riflebacteria,Ozemobacteria,Ozemobacterales,Ozemobacteraceae,JACPTH01,JACPTH01 sp016192885
GB_GCA_012520995.1,bac120,Bacteria,Riflebacteria,Ozemobacteria,Ozemobacterales,Ozemobacteraceae,JAAYNI01,JAAYNI01 sp012520995
GB_GCA_902575715.1,bac120,Bacteria,SAR324,SAR324,SAR324,NAC60-12,Arctic96AD-7,Arctic96AD-7 sp902575715
GB_GCA_015231885.1,bac120,Bacteria,SAR324,SAR324,SAR324,GCA-2753255,GCA-2753255,GCA-2753255 sp002753255
GB_GCA_007132905.1,bac120,Bacteria,SLNR01,SLNR01,SLNR01,SLNR01,SLNR01,SLNR01 sp007132905
GB_GCA_003644825.1,bac120,Bacteria,SM23-31,SM23-31,B21-G16,B21-G16,B21-G16,B21-G16 sp003644825
GB_GCA_001304035.1,bac120,Bacteria,SM23-31,SM23-31,SM23-31,SM23-31,SM23-31,SM23-31 sp001304035
GB_GCA_016235675.1,bac120,Bacteria,SZUA-182,SZUA-182,SZUA-182,SZUA-182,JACRJN01,JACRJN01 sp016235675
GB_GCA_003230635.1,bac120,Bacteria,SZUA-182,SZUA-182,SZUA-182,SZUA-182,SZUA-182,SZUA-182 sp003230635
GB_GCA_011358715.1,bac120,Bacteria,SZUA-79,SZUA-79,Acidulodesulfobacterales,SZUA-79,Acidulodesulfobacterium,Acidulodesulfobacterium sp011358715
GB_GCA_003232385.1,bac120,Bacteria,SZUA-79,SZUA-79,Acidulodesulfobacterales,SZUA-79,Acidulodesulfobacterium,Acidulodesulfobacterium sp003232385
GB_GCA_001790855.1,bac120,Bacteria,Schekmanbacteria,GWA2-38-11,GWA2-38-11,GWA2-38-11,2-02-FULL-38-14-A,2-02-FULL-38-14-A sp001790855
GB_GCA_003695725.1,bac120,Bacteria,Schekmanbacteria,GWA2-38-11,GWA2-38-11,J061,J061,J061 sp003695725
GB_GCA_018221025.1,ar53,Archaea,SpSt-1190,SpSt-1190,SpSt-1190,SpSt-1190,JAAOXX01,JAAOXX01 sp018221025
GB_GCA_018220935.1,ar53,Archaea,SpSt-1190,SpSt-1190,SpSt-1190,SpSt-1190,JAAOXX01,JAAOXX01 sp018220935
GB_GCA_011047235.1,bac120,Bacteria,SpSt-318,SpSt-318,SpSt-318,SpSt-318,SpSt-318,SpSt-318 sp011047235
RS_GCF_004343725.1,bac120,Bacteria,Spirochaetota,Spirochaetia,Treponematales,Termitinemataceae,J25,J25 sp004343725
GB_GCA_017694495.1,bac120,Bacteria,Spirochaetota,Spirochaetia,Sphaerochaetales,Sphaerochaetaceae,Bullifex,Bullifex pullistercoris
GB_GCA_007118855.1,bac120,Bacteria,Spirochaetota,Spirochaetia,DSM-27196,SLST01,SLST01,SLST01 sp007118855
GB_GCA_002068205.1,bac120,Bacteria,Sumerlaeota,Sumerlaeia,MVZB01,MVZB01,MVZB01,MVZB01 sp002068205
GB_GCA_007132505.1,bac120,Bacteria,Sumerlaeota,Sumerlaeia,SLMS01,SLMS01,SLMS01,SLMS01 sp007132505
GB_GCA_017470485.1,bac120,Bacteria,Synergistota,Synergistia,Synergistales,Aminobacteriaceae,Fretibacterium,Fretibacterium sp017470485
GB_GCA_905233525.1,bac120,Bacteria,Synergistota,Synergistia,Synergistales,Aminobacteriaceae,Fretibacterium,Fretibacterium sp905233525
GB_GCA_003554345.1,bac120,Bacteria,T1SED10-198M,T1SED10-198M,T1SED10-198M,T1SED10-198M,T1SED10-198M,T1SED10-198M sp003554345
GB_GCA_003557545.1,bac120,Bacteria,T1Sed10-126,T1Sed10-126,T1Sed10-126,T1Sed10-126,PWOD01,PWOD01 sp003557545
GB_GCA_003554945.1,bac120,Bacteria,T1Sed10-126,T1Sed10-126,T1Sed10-126,T1Sed10-126,T1Sed10-126,T1Sed10-126 sp003554945
GB_GCA_004376575.1,bac120,Bacteria,TA06,DG-26,E44-bin18,E44-bin18,E44-bin18,E44-bin18 sp004376575
GB_GCA_001303705.1,bac120,Bacteria,TA06,DG-26,SM1-40,SM1-40,SM1-40,SM1-40 sp001303705
GB_GCA_001304015.1,bac120,Bacteria,TA06_A,DG-26_A,SM23-81,SM23-81,SM23-81,SM23-81 sp001304015
RS_GCF_900079095.1,bac120,Bacteria,Tectomicrobia,Entotheonellia,Entotheonellales,Entotheonellaceae,Entotheonella,Entotheonella palauensis
GB_GCA_005777235.1,bac120,Bacteria,Tectomicrobia,Entotheonellia,Entotheonellales,Entotheonellaceae,SXND01,SXND01 sp005777235
RS_GCF_000212395.1,bac120,Bacteria,Thermodesulfobiota,Thermodesulfobiia,Thermodesulfobiales,Thermodesulfobiaceae,Thermodesulfobium,Thermodesulfobium narugense
GB_GCA_011374175.1,bac120,Bacteria,Thermodesulfobiota,Thermodesulfobiia,Thermodesulfobiales,Thermodesulfobiaceae,Thermodesulfobium,Thermodesulfobium narugense_A
GB_GCA_016281925.1,ar53,Archaea,Thermoplasmatota,Thermoplasmata,Methanomassiliicoccales,Methanomethylophilaceae,UBA71,UBA71 sp016281925
GB_GCA_003663585.1,ar53,Archaea,Thermoplasmatota,B47-G6,B47-G6B,47-G6,B47-G6,B47-G6 sp003663585
GB_GCA_014523495.1,ar53,Archaea,Thermoproteota,Nitrososphaeria,Nitrososphaerales,Nitrososphaeraceae,TA-21,TA-21 sp014523495
GB_GCA_011373345.1,ar53,Archaea,Thermoproteota,Nitrososphaeria_A,Caldarchaeales,Caldarchaeaceae,Caldarchaeum,Caldarchaeum subterraneum_D
RS_GCF_900696045.1,ar53,Archaea,Thermoproteota,Nitrososphaeria,Nitrososphaerales,Nitrososphaeraceae,Nitrosocosmicus,Nitrosocosmicus franklandus
GB_GCA_015486015.1,bac120,Bacteria,Thermosulfidibacterota,Thermosulfidibacteria,Thermosulfidibacterales,B14-G1,WFSI01,WFSI01 sp015486015
RS_GCF_001547735.1,bac120,Bacteria,Thermosulfidibacterota,Thermosulfidibacteria,Thermosulfidibacterales,Thermosulfidibacteraceae,Thermosulfidibacter,Thermosulfidibacter takaii
RS_GCF_000504085.1,bac120,Bacteria,Thermotogota,Thermotogae,Thermotogales,DSM-5069,Pseudothermotoga_B,Pseudothermotoga_B elfii
GB_GCA_012744415.1,bac120,Bacteria,Thermotogota,Thermotogae,MWEM01,MWEM01,MWEM01,MWEM01 sp012744415
GB_GCA_011331325.1,bac120,Bacteria,UBA10199,UBA10199,DSSB01,DSSB01,DSSB01,DSSB01 sp011331325
GB_GCA_018812345.1,bac120,Bacteria,UBA10199,UBA10199,UBA10199,JADGCS01,JAHJDR01,JAHJDR01 sp018812345
GB_GCA_012729785.1,bac120,Bacteria,UBA1439,UBA1439,UBA1439,UBA1439,UBA1439,UBA1439 sp002329605
GB_GCA_011620345.1,bac120,Bacteria,UBA2233,UBA2233,UBA2233,UBA2233,UBA2233,UBA2233 sp011620345
GB_GCA_002347965.1,bac120,Bacteria,UBA2233,UBA2233,UBA2233,UBA2233,UBA2233,UBA2233 sp002347965
GB_GCA_017538635.1,bac120,Bacteria,UBA3054,UBA3054,UBA3054,UBA3054,UBA3054,UBA3054 sp017538635
GB_GCA_017650925.1,bac120,Bacteria,UBA3054,UBA3054,UBA3054,UBA3054,UBA3054,UBA3054 sp017650925
GB_GCA_002441095.1,bac120,Bacteria,UBA6262,UBA6262,UBA6262,UBA6262,UBA6262,UBA6262 sp002441095
GB_GCA_009619095.1,bac120,Bacteria,UBA6262,UBA6262,WVXT01,WVXT01,WVXT01,WVXT01 sp009619095
GB_GCA_002440765.1,bac120,Bacteria,UBA6266,UBA6266,UBA6266,UBA6266,UBA6266,UBA6266 sp002440765
GB_GCA_016933315.1,bac120,Bacteria,UBA6266,UBA6266,UBA6266,UBA6266,UBA6266,UBA6266 sp016933315
GB_GCA_016192135.1,bac120,Bacteria,UBA8248,UBA8248,UBA8248,UBA8248,2-12-FULL-69-37,2-12-FULL-69-37 sp016192135
GB_GCA_016190025.1,bac120,Bacteria,UBA8248,UBA8248,JACPRG01,JACPRG01,JACPRG01,JACPRG01 sp016190025
GB_GCA_002780065.1,bac120,Bacteria,UBA8481,UBA8481,UBA8481,UBA8481,UBA8481,UBA8481 sp002780065
GB_GCA_003697085.1,bac120,Bacteria,UBA8481,UBA8481,UBA8481,J006,J006,J006 sp003697085
GB_GCA_001873945.1,bac120,Bacteria,UBA9089,CG2-30-40-21,CG2-30-40-21,CG2-30-40-21,CG2-30-40-21,CG2-30-40-21 sp001873945
GB_GCA_003485015.1,bac120,Bacteria,UBA9089,UBA9089,UBA9089,UBA9089,UBA9089,UBA9089 sp003485015
GB_GCA_002410925.1,bac120,Bacteria,UBP13,UBA5359,UBA5359,UBA5359,UBA5359,UBA5359 sp002410925
GB_GCA_003645115.1,bac120,Bacteria,UBP14,UBA6098,UBA6098,B30-G16,B30-G16,B30-G16 sp003645115
GB_GCA_011371545.1,bac120,Bacteria,UBP14,UBA6098,DTLL01,DTLL01,DTLL01,DTLL01 sp011371545
GB_GCA_011368175.1,bac120,Bacteria,UBP15,UBA6099,UBA6099,DSWB01,DSWB01,DSWB01 sp011368175
GB_GCA_002069885.1,bac120,Bacteria,UBP15,UBA6099,UBA6099,UBA6099,UBA6099,UBA6099 sp002069885
GB_GCA_002402105.1,bac120,Bacteria,UBP17,UBA6191,UBA6191,UBA6191,GCA-2402105,GCA-2402105 sp002402105
GB_GCA_002422125.1,bac120,Bacteria,UBP17,UBA6191,UBA6191,UBA6191,UBA6191,UBA6191 sp002422125
GB_GCA_002478245.1,bac120,Bacteria,UBP18,UBA7526,UBA7526,UBA7526,UBA7526,UBA7526 sp002478245
GB_GCA_011049955.1,bac120,Bacteria,UBP18,UBA7526,UBA7526,UBA7526,DRGV01,DRGV01 sp011049955
GB_GCA_002428325.1,bac120,Bacteria,UBP4,UBA4092,UBA4092,UBA4092,UBA4092,UBA4092 sp002428325
GB_GCA_007136595.1,bac120,Bacteria,UBP6,UBA1177,UBA1177,UBA1177,SLGQ01,SLGQ01 sp007136595
GB_GCA_017538365.1,bac120,Bacteria,UBP6,UBA1177,UBA1177,UBA1177,UBA1177,UBA1177 sp017538365
GB_GCA_014384545.1,bac120,Bacteria,UBP7,UBA6624,UBA6624,UBA6624,NIOZ-UU106,NIOZ-UU106 sp014384545
GB_GCA_002501535.1,bac120,Bacteria,UBP7,UBA6624,UBA6624,UBA6624,UBA6624,UBA6624 sp002501535
GB_GCA_002502135.1,ar53,Archaea,Undinarchaeota,Undinarchaeia,Undinarchaeales,UBA543,UBA543,UBA543 sp002502135
GB_GCA_014189675.1,ar53,Archaea,Undinarchaeota,Undinarchaeia,Undinarchaeales,Undinarchaeaceae,Undinarchaeum,Undinarchaeum sp014189675
GB_GCA_014728245.1,bac120,Bacteria,VGIX01,VGIX01,VGIX01,VGIX01,WJLY01,WJLY01 sp014728245
GB_GCA_016867725.1,bac120,Bacteria,VGIX01,VGIX01,VGIX01,VGIX01,VGIX01,VGIX01 sp016867725
GB_GCA_004558035.1,bac120,Bacteria,Verrucomicrobiota,Verrucomicrobiae,Opitutales,UBA953,Spyradosoma,Spyradosoma sp004558035
GB_GCA_902800055.1,bac120,Bacteria,Verrucomicrobiota,Kiritimatiellae,RFP12,UBA1067,UBA1067,UBA1067 sp902800055
GB_GCA_008933015.1,bac120,Bacteria,Verrucomicrobiota,Verrucomicrobiae,Chthoniobacterales,UBA6821,UBA6821,UBA6821 sp008933015
GB_GCA_016933595.1,bac120,Bacteria,Verrucomicrobiota,Verrucomicrobiae,Opitutales,JAFGAQ01,JAFGAQ01,JAFGAQ01 sp016933595
GB_GCA_002305615.1,bac120,Bacteria,Verrucomicrobiota,Verrucomicrobiae,Pedosphaerales,UBA1412,UBA1412,UBA1412 sp002305615
GB_GCA_015486655.1,bac120,Bacteria,WOR-3,32-111,QNBC01,QNBC01,QNBC01,QNBC01 sp015486655
GB_GCA_011362355.1,bac120,Bacteria,WOR-3,WOR-3,UBA2258,UBA2258,DSUT01,DSUT01 sp011362355
GB_GCA_002069765.1,bac120,Bacteria,Wallbacteria,UBA9980,UBA9980,UBA9980,UBA9980,UBA9980 sp002069765
GB_GCA_001791795.1,bac120,Bacteria,Wallbacteria,UBA9980,UBA9980,UBA9980,UBA9980,UBA9980 sp001791795
GB_GCA_016235085.1,bac120,Bacteria,Zixibacteria,MSB-5A5,DSPP01,WJJR01,JACRMA01,JACRMA01 sp016235085
GB_GCA_012797915.1,bac120,Bacteria,Zixibacteria,MSB-5A5,GN15,JAAZOE01,JAAZOE01,JAAZOE01 sp012797915
